xorg-x11-drv-openchrome-0.5.0-3,  xorg-x11-drv-openchrome,  0.5.0-3
fuse-libs-2.9.2-10,  fuse-libs,  2.9.2-10
net-tools-2.0-0.22.20131004git,  net-tools,  2.0-0.22.20131004git
xorg-x11-fonts-ethiopic-7.5-9,  xorg-x11-fonts-ethiopic,  7.5-9
ncurses-base-5.9-14.20130511,  ncurses-base,  5.9-14.20130511
libestr-0.1.9-2,  libestr,  0.1.9-2
xorg-x11-fonts-100dpi-7.5-9,  xorg-x11-fonts-100dpi,  7.5-9
libsepol-2.5-8.1,  libsepol,  2.5-8.1
libnl-1.1.4-3,  libnl,  1.1.4-3
xorg-x11-fonts-ISO8859-2-75dpi-7.5-9,  xorg-x11-fonts-ISO8859-2-75dpi,  7.5-9
libsemanage-2.5-11,  libsemanage,  2.5-11
xorg-x11-fonts-ISO8859-9-75dpi-7.5-9,  xorg-x11-fonts-ISO8859-9-75dpi,  7.5-9
libselinux-utils-2.5-12,  libselinux-utils,  2.5-12
zlib-1.2.7-17,  zlib,  1.2.7-17
xorg-x11-docs-1.6-7,  xorg-x11-docs,  1.6-7
nss-softokn-freebl-3.36.0-5.el7_5,  nss-softokn-freebl,  3.36.0-5.el7_5
desktop-file-utils-0.23-1,  desktop-file-utils,  0.23-1
libjpeg-turbo-1.2.90-5,  libjpeg-turbo,  1.2.90-5
libpwquality-1.2.3-5,  libpwquality,  1.2.3-5
kbd-legacy-1.15.5-13,  kbd-legacy,  1.15.5-13
cairo-1.14.8-2,  cairo,  1.14.8-2
python-2.7.5-69.el7_5,  python,  2.7.5-69.el7_5
bzip2-libs-1.0.6-13,  bzip2-libs,  1.0.6-13
libogg-1.3.0-7,  libogg,  1.3.0-7
python-gobject-base-3.22.0-1.el7_4.1,  python-gobject-base,  3.22.0-1.el7_4.1
gawk-4.0.2-4.el7_3.1,  gawk,  4.0.2-4.el7_3.1
libvorbis-1.3.3-8.el7.1,  libvorbis,  1.3.3-8.el7.1
libuser-0.60-9,  libuser,  0.60-9
libgcrypt-1.5.3-14,  libgcrypt,  1.5.3-14
libxkbcommon-0.7.1-1,  libxkbcommon,  0.7.1-1
python-firewall-0.4.4.4-14,  python-firewall-0,  4.4.4-14
libcap-ng-0.7.5-4,  libcap-ng,  0.7.5-4
librdmacm-15-7.el7_5,  librdmacm-15-7.el7_5, ???
nss-3.36.0-5.el7_5,  nss,  3.36.0-5.el7_5
jansson-2.10-1,  jansson,  2.10-1
libusbx-1.0.21-1,  libusbx,  1.0.21-1
curl-7.29.0-46,  curl,  7.29.0-46
lua-5.1.4-15,  lua,  5.1.4-15
libarchive-3.1.2-10.el7_2,  libarchive,  3.1.2-10.el7_2
rpm-python-4.11.3-32,  rpm-python,  4.11.3-32
man-db-2.6.3-9,  man-db,  2.6.3-9
file-libs-5.11-33,  file-libs,  5.11-33
compat-glibc-headers-2.12-4,  compat-glibc-headers,  2.12-4
util-linux-2.23.2-52,  util-linux,  2.23.2-52
libmnl-1.0.3-7,  libmnl,  1.0.3-7
colord-libs-1.3.4-1,  colord-libs,  1.3.4-1
device-mapper-libs-1.02.146-4,  device-mapper-libs,  1.02.146-4
gcc-4.8.5-28.el7_5.1,  gcc,  4.8.5-28.el7_5.1
systemd-libs-219-57,  systemd-libs-219-57, ???
hunspell-1.3.2-15,  hunspell,  1.3.2-15
initscripts-9.49.41-1,  initscripts,  9.49.41-1
ivtv-firmware-20080701-26,  ivtv-firmware-20080701-26, ???
jbigkit-libs-2.0-11,  jbigkit-libs,  2.0-11
grub2-tools-2.02-0.65.el7_4.2,  grub2-tools,  2.02-0.65.el7_4.2
libnotify-0.7.7-1,  libnotify,  0.7.7-1
dhcp-libs-4.2.5-68.el7_5.1,  dhcp-libs,  4.2.5-68.el7_5.1
newt-0.52.15-4,  newt,  0.52.15-4
libgnat-4.8.5-28.el7_5.1,  libgnat,  4.8.5-28.el7_5.1
selinux-policy-3.13.1-192.el7_5.4,  selinux-policy,  3.13.1-192.el7_5.4
keyutils-libs-1.5.8-3,  keyutils-libs,  1.5.8-3
compat-db-headers-4.7.25-28,  compat-db-headers,  4.7.25-28
libpciaccess-0.14-1,  libpciaccess,  0.14-1
less-458-9,  less-458-9, ???
cogl-1.22.2-2,  cogl,  1.22.2-2
grub2-pc-2.02-0.65.el7_4.2,  grub2-pc,  2.02-0.65.el7_4.2
libevent-2.0.21-4,  libevent,  2.0.21-4
orc-0.4.26-1,  orc,  0.4.26-1
NetworkManager-1.10.2-16.el7_5,  NetworkManager,  1.10.2-16.el7_5
libverto-libevent-0.2.5-4,  libverto-libevent,  0.2.5-4
pinentry-0.8.1-17,  pinentry,  0.8.1-17
compat-poppler022-0.22.5-4,  compat-poppler022,  0.22.5-4
rhn-setup-2.0.2-21,  rhn-setup,  2.0.2-21
GeoIP-1.5.0-11,  GeoIP,  1.5.0-11
gstreamer1-plugins-base-1.10.4-1,  gstreamer1-plugins-base,  1.10.4-1
cronie-1.4.11-19,  cronie,  1.4.11-19
freetype-2.4.11-15,  freetype,  2.4.11-15
tcl-8.5.13-8,  tcl,  8.5.13-8
libtalloc-2.1.10-1,  libtalloc,  2.1.10-1
gmp-6.0.0-15,  gmp,  6.0.0-15
gnome-themes-standard-3.22.2-2.el7_5,  gnome-themes-standard,  3.22.2-2.el7_5
subscription-manager-rhsm-1.20.11-1.el7_5,  subscription-manager-rhsm,  1.20.11-1.el7_5
perl-podlators-2.5.1-3,  perl-podlators,  2.5.1-3
hardlink-1.0-19,  hardlink,  1.0-19
gsm-1.0.13-11,  gsm,  1.0.13-11
libpath_utils-0.2.1-29,  libpath_utils,  0.2.1-29
perl-Encode-2.51-7,  perl-Encode,  2.51-7
libtasn1-4.10-1,  libtasn1,  4.10-1
libproxy-0.4.11-11,  libproxy,  0.4.11-11
NetworkManager-team-1.10.2-16.el7_5,  NetworkManager-team,  1.10.2-16.el7_5
perl-Storable-2.45-3,  perl-Storable,  2.45-3
libsoup-2.56.0-6,  libsoup,  2.56.0-6
libtevent-0.9.33-2,  libtevent,  0.9.33-2
perl-Socket-2.010-4,  perl-Socket,  2.010-4
libesmtp-1.0.6-7,  libesmtp,  1.0.6-7
lvm2-2.02.177-4,  lvm2,  2.02.177-4
perl-File-Temp-0.23.01-3,  perl-File-Temp,  0.23.01-3
python-dateutil-1.5-7,  python-dateutil,  1.5-7
qt-settings-19-23.7,  qt-settings-19-23.7, ???
tuned-2.9.0-1,  tuned,  2.9.0-1
perl-Time-HiRes-1.9725-3,  perl-Time-HiRes,  1.9725-3
libcanberra-0.30-5,  libcanberra,  0.30-5
biosdevname-0.7.3-1,  biosdevname,  0.7.3-1
perl-5.16.3-292,  perl,  5.16.3-292
gtk3-3.22.26-4.el7_5,  gtk3,  3.22.26-4.el7_5
dracut-config-rescue-033-535,  dracut-config-rescue-033-535, ???
webkitgtk4-2.16.6-6,  webkitgtk4,  2.16.6-6
xfsprogs-4.5.0-15,  xfsprogs,  4.5.0-15
python-lxml-3.2.1-4,  python-lxml,  3.2.1-4
clutter-gst2-2.0.18-1,  clutter-gst2,  2.0.18-1
alsa-lib-1.1.4.1-2,  alsa-lib-1,  1.4.1-2
compat-libgdata13-0.13.3-1,  compat-libgdata13,  0.13.3-1
iprutils-2.4.15.1-1,  iprutils-2,  4.15.1-1
pygobject2-2.28.6-11,  pygobject2,  2.28.6-11
compat-gnome-desktop314-3.14.2-1,  compat-gnome-desktop314,  3.14.2-1
iwl135-firmware-18.168.6.1-62.2.el7_5,  iwl135-firmware-18,  168.6.1-62.2.el7_5
rhncfg-5.10.87-12.el7sat,  rhncfg,  5.10.87-12.el7sat
python-schedutils-0.4-6,  python-schedutils,  0.4-6
compat-openmpi16-1.6.4-10.6,  compat-openmpi16,  1.6.4-10.6
iwl1000-firmware-39.31.5.1-62.2.el7_5,  iwl1000-firmware-39,  31.5.1-62.2.el7_5
python-chardet-2.2.1-1.el7_1,  python-chardet,  2.2.1-1.el7_1
compat-libcogl-pango12-1.14.0-3,  compat-libcogl-pango12,  1.14.0-3
iwl4965-firmware-228.61.2.24-62.2.el7_5,  iwl4965-firmware-228,  61.2.24-62.2.el7_5
bind-libs-9.9.4-61,  bind-libs,  9.9.4-61
libxml2-python-2.9.1-6.el7_2.3,  libxml2-python,  2.9.1-6.el7_2.3
compat-libpackagekit-glib2-16-0.8.9-1,  compat-libpackagekit-glib2-16,  0.8.9-1
iwl100-firmware-39.31.5.1-62.2.el7_5,  iwl100-firmware-39,  31.5.1-62.2.el7_5
ntp-4.2.6p5-28,  ntp-4.2.6p5-28, ???
compat-libtiff3-3.9.4-11,  compat-libtiff3,  3.9.4-11
iwl6000g2a-firmware-17.168.5.3-62.2.el7_5,  iwl6000g2a-firmware-17,  168.5.3-62.2.el7_5
screen-4.1.0-0.25.20120314git3c2946,  screen,  4.1.0-0.25.20120314git3c2946
libaio-devel-0.3.109-13,  libaio-devel,  0.3.109-13
libnfsidmap-0.25-19,  libnfsidmap,  0.25-19
nfs-utils-1.3.0-0.54,  nfs-utils,  1.3.0-0.54
ksh-20120801-137,  ksh-20120801-137, ???
libXau-1.0.8-2.1,  libXau,  1.0.8-2.1
glibc-common-2.17-222,  glibc-common,  2.17-222
nss_compat_ossl-0.9.6-8,  nss_compat_ossl,  0.9.6-8
libxshmfence-1.2-1,  libxshmfence,  1.2-1
libldb-1.2.2-1,  libldb,  1.2.2-1
tmux-1.8-4,  tmux,  1.8-4
libXdmcp-1.1.2-6,  libXdmcp,  1.1.2-6
openldap-2.4.44-15.el7_5,  openldap,  2.4.44-15.el7_5
nss-softokn-freebl-3.36.0-5.el7_5.i686,  nss-softokn-freebl,  3.36.0-5.el7_5.i686
mesa-libglapi-17.2.3-8.20171019,  mesa-libglapi,  17.2.3-8.20171019
libsmbclient-4.7.1-6,  libsmbclient,  4.7.1-6
python-pycurl-7.19.0-19,  python-pycurl,  7.19.0-19
libstdc++-devel-4.8.5-28.el7_5.1.i686,  libstdc++-devel,  4.8.5-28.el7_5.1.i686
xcb-util-image-0.4.0-2,  xcb-util-image,  0.4.0-2
libkadm5-1.15.1-19,  libkadm5,  1.15.1-19
oracleasm-support-2.1.8-3,  oracleasm-support,  2.1.8-3
libXfont-1.5.2-1,  libXfont,  1.5.2-1
libipa_hbac-1.16.0-19.el7_5.5,  libipa_hbac,  1.16.0-19.el7_5.5
gpgme-1.3.2-5,  gpgme,  1.3.2-5
htop-2.2.0-1,  htop,  2.2.0-1
mesa-libxatracker-17.2.3-8.20171019,  mesa-libxatracker,  17.2.3-8.20171019
libsss_sudo-1.16.0-19.el7_5.5,  libsss_sudo,  1.16.0-19.el7_5.5
libX11-1.6.5-1,  libX11,  1.6.5-1
sssd-ad-1.16.0-19.el7_5.5,  sssd-ad,  1.16.0-19.el7_5.5
libdaemon-0.14-7,  libdaemon,  0.14-7
libXv-1.0.11-1,  libXv,  1.0.11-1
sssd-proxy-1.16.0-19.el7_5.5,  sssd-proxy,  1.16.0-19.el7_5.5
libpipeline-1.2.3-3,  libpipeline,  1.2.3-3
libXrandr-1.5.1-2,  libXrandr,  1.5.1-2
krb5-workstation-1.15.1-19,  krb5-workstation,  1.15.1-19
libutempter-1.1.6-4,  libutempter,  1.1.6-4
libXvMC-1.0.10-1,  libXvMC,  1.0.10-1
VRTSpddea-9.3.0.0-0014,  VRTSpddea-9,  3.0.0-0014
xorg-x11-xkb-utils-7.7-12,  xorg-x11-xkb-utils,  7.7-12
VRTSnbjava-7.7.3.0-1463709500,  VRTSnbjava-7,  7.3.0-1463709500
mesa-libGL-17.2.3-8.20171019,  mesa-libGL,  17.2.3-8.20171019
libgcc-4.8.5-28.el7_5.1,  libgcc,  4.8.5-28.el7_5.1
iputils-20160308-10,  iputils-20160308-10, ???
xorg-x11-drv-ati-7.10.0-1,  xorg-x11-drv-ati,  7.10.0-1
nss-util-3.36.0-1.el7_5,  nss-util,  3.36.0-1.el7_5
xorg-x11-drv-synaptics-1.9.0-1,  xorg-x11-drv-synaptics,  1.9.0-1
libstdc++-4.8.5-28.el7_5.1,  libstdc++,  4.8.5-28.el7_5.1
xorg-x11-drv-v4l-0.2.0-47,  xorg-x11-drv-v4l,  0.2.0-47
libattr-2.4.46-13,  libattr,  2.4.46-13
usermode-1.111-5,  usermode,  1.111-5
xorg-x11-xauth-1.0.9-1,  xorg-x11-xauth,  1.0.9-1
kmod-libs-20-21,  kmod-libs-20-21, ???
libXpm-3.5.12-1,  libXpm,  3.5.12-1
libref_array-0.1.5-29,  libref_array,  0.1.5-29
libinput-1.8.4-2,  libinput,  1.8.4-2
acl-2.2.51-14,  acl,  2.2.51-14
xorg-x11-utils-7.5-22,  xorg-x11-utils,  7.5-22
libdb-utils-5.3.21-24,  libdb-utils,  5.3.21-24
xorg-x11-drivers-7.7-6,  xorg-x11-drivers,  7.7-6
xorg-x11-drv-mouse-1.9.2-1,  xorg-x11-drv-mouse,  1.9.2-1
fxload-2002_04_11-16,  fxload-2002_04_11-16, ???
xorg-x11-server-Xephyr-1.19.5-5,  xorg-x11-server-Xephyr,  1.19.5-5
alsa-tools-firmware-1.1.0-1,  alsa-tools-firmware,  1.1.0-1
xorg-x11-fonts-ISO8859-9-100dpi-7.5-9,  xorg-x11-fonts-ISO8859-9-100dpi,  7.5-9
basesystem-10.0-7,  basesystem,  10.0-7
lsscsi-0.27-6,  lsscsi,  0.27-6
xorg-x11-fonts-ISO8859-14-75dpi-7.5-9,  xorg-x11-fonts-ISO8859-14-75dpi,  7.5-9
xorg-x11-fonts-ISO8859-15-75dpi-7.5-9,  xorg-x11-fonts-ISO8859-15-75dpi,  7.5-9
python-ethtool-0.8-5,  python-ethtool,  0.8-5
xorg-x11-fonts-cyrillic-7.5-9,  xorg-x11-fonts-cyrillic,  7.5-9
xorg-x11-fonts-ISO8859-1-75dpi-7.5-9,  xorg-x11-fonts-ISO8859-1-75dpi,  7.5-9
xorg-x11-fonts-misc-7.5-9,  xorg-x11-fonts-misc,  7.5-9
libdnet-1.12-13.1,  libdnet,  1.12-13.1
xorg-x11-fonts-ISO8859-1-100dpi-7.5-9,  xorg-x11-fonts-ISO8859-1-100dpi,  7.5-9
zip-3.0-11,  zip,  3.0-11
xorg-x11-xbitmaps-1.1.1-6,  xorg-x11-xbitmaps,  1.1.1-6
libxml2-2.9.1-6.el7_2.3,  libxml2,  2.9.1-6.el7_2.3
xdg-utils-1.1.0-0.17.20120809git,  xdg-utils,  1.1.0-0.17.20120809git
atk-2.22.0-3,  atk,  2.22.0-3
sed-4.2.2-5,  sed,  4.2.2-5
libXcomposite-0.4.4-4.1,  libXcomposite,  0.4.4-4.1
kbd-1.15.5-13,  kbd,  1.15.5-13
mesa-libEGL-17.2.3-8.20171019,  mesa-libEGL,  17.2.3-8.20171019
popt-1.13-16,  popt,  1.13-16
Red_Hat_Enterprise_Linux-Release_Notes-7-en-US-7-2,  Red_Hat_Enterprise_Linux-Release_Notes-7-en-US-7-2, ???
cairo-gobject-1.14.8-2,  cairo-gobject,  1.14.8-2
json-glib-1.2.6-1,  json-glib,  1.2.6-1
grep-2.20-3,  grep,  2.20-3
mesa-libwayland-egl-17.2.3-8.20171019,  mesa-libwayland-egl,  17.2.3-8.20171019
which-2.20-7,  which,  2.20-7
lcms2-2.6-3,  lcms2,  2.6-3
libquadmath-4.8.5-28.el7_5.1,  libquadmath,  4.8.5-28.el7_5.1
libgpg-error-1.12-3,  libgpg-error,  1.12-3
openjpeg-libs-1.5.1-17,  openjpeg-libs,  1.5.1-17
libsecret-0.18.5-2,  libsecret,  0.18.5-2
libcap-2.22-9,  libcap,  2.22-9
libibverbs-15-7.el7_5,  libibverbs-15-7.el7_5, ???
authconfig-6.2.8-30,  authconfig,  6.2.8-30
libibumad-15-7.el7_5,  libibumad-15-7.el7_5, ???
libnl3-3.2.28-4,  libnl3,  3.2.28-4
postfix-2.10.1-6,  postfix,  2.10.1-6
libgfortran-4.8.5-28.el7_5.1,  libgfortran,  4.8.5-28.el7_5.1
expat-2.1.0-10.el7_3,  expat,  2.1.0-10.el7_3
aic94xx-firmware-30-6,  aic94xx-firmware-30-6, ???
libwebp-0.3.0-7,  libwebp,  0.3.0-7
libxslt-1.1.28-5,  libxslt,  1.1.28-5
hicolor-icon-theme-0.12-7,  hicolor-icon-theme,  0.12-7
diffutils-3.3-4,  diffutils,  3.3-4
hyphen-2.8.6-5,  hyphen,  2.8.6-5
sqlite-3.7.17-8,  sqlite,  3.7.17-8
compat-glibc-2.12-4,  compat-glibc,  2.12-4
file-5.11-33,  file,  5.11-33
btrfs-progs-4.9.1-1,  btrfs-progs,  4.9.1-1
glibc-headers-2.17-222,  glibc-headers,  2.17-222
libtool-ltdl-2.4.2-22.el7_3,  libtool-ltdl,  2.4.2-22.el7_3
libgusb-0.2.9-1,  libgusb,  0.2.9-1
flac-libs-1.3.0-5.el7_1,  flac-libs,  1.3.0-5.el7_1
libnl3-cli-3.2.28-4,  libnl3-cli,  3.2.28-4
cpp-4.8.5-28.el7_5.1,  cpp,  4.8.5-28.el7_5.1
libassuan-2.1.0-3,  libassuan,  2.1.0-3
libquadmath-devel-4.8.5-28.el7_5.1,  libquadmath-devel,  4.8.5-28.el7_5.1
jasper-libs-1.900.1-31,  jasper-libs,  1.900.1-31
groff-base-1.22.2-8,  groff-base,  1.22.2-8
rootfiles-8.1-11,  rootfiles,  8.1-11
hunspell-en-US-0.20121024-6,  hunspell-en-US,  0.20121024-6
abattis-cantarell-fonts-0.0.25-1,  abattis-cantarell-fonts,  0.0.25-1
libunistring-0.9.3-9,  libunistring,  0.9.3-9
libtiff-4.0.3-27.el7_3,  libtiff,  4.0.3-27.el7_3
sysvinit-tools-2.88-14.dsf,  sysvinit-tools,  2.88-14.dsf
gtk-update-icon-cache-3.22.26-4.el7_5,  gtk-update-icon-cache,  3.22.26-4.el7_5
hostname-3.13-3,  hostname,  3.13-3
compat-libcogl12-1.14.0-3,  compat-libcogl12,  1.14.0-3
slang-2.2.4-11,  slang,  2.2.4-11
opus-1.0.2-6,  opus,  1.0.2-6
tcp_wrappers-libs-7.6-77,  tcp_wrappers-libs,  7.6-77
iptraf-ng-1.1.4-6,  iptraf-ng,  1.1.4-6
libthai-0.1.14-9,  libthai,  0.1.14-9
gdbm-1.10-8,  gdbm,  1.10-8
autogen-libopts-5.18-5,  autogen-libopts,  5.18-5
infinipath-psm-3.3-26_g604758e_open.2,  infinipath-psm,  3.3-26_g604758e_open.2
libnetfilter_conntrack-1.0.6-1.el7_3,  libnetfilter_conntrack,  1.0.6-1.el7_3
graphite2-1.3.10-1.el7_3,  graphite2,  1.3.10-1.el7_3
pango-1.40.4-1,  pango,  1.40.4-1
gtk2-2.24.31-1,  gtk2,  2.24.31-1
ipset-6.29-1,  ipset,  6.29-1
adwaita-gtk2-theme-3.22.2-2.el7_5,  adwaita-gtk2-theme,  3.22.2-2.el7_5
xml-common-0.6.3-39,  xml-common,  0.6.3-39
poppler-data-0.4.6-3,  poppler-data,  0.4.6-3
liboauth-0.9.7-4,  liboauth,  0.9.7-4
make-3.82-23,  make,  3.82-23
tcp_wrappers-7.6-77,  tcp_wrappers,  7.6-77
cdparanoia-libs-10.2-17,  cdparanoia-libs,  10.2-17
keyutils-1.5.8-3,  keyutils,  1.5.8-3
libobjc-4.8.5-28.el7_5.1,  libobjc,  4.8.5-28.el7_5.1
trousers-0.3.14-2,  trousers,  0.3.14-2
libedit-3.0-12.20121213cvs,  libedit,  3.0-12.20121213cvs
environment-modules-3.2.10-10,  environment-modules,  3.2.10-10
libicu-50.1.2-15,  libicu,  50.1.2-15
telnet-0.17-64,  telnet,  0.17-64
adwaita-icon-theme-3.26.0-1,  adwaita-icon-theme,  3.26.0-1
snappy-1.1.0-3,  snappy,  1.1.0-3
perl-HTTP-Tiny-0.033-3,  perl-HTTP-Tiny,  0.033-3
perl-Pod-Perldoc-3.20-4,  perl-Pod-Perldoc,  3.20-4
perl-Text-ParseWords-3.29-4,  perl-Text-ParseWords,  3.29-4
dmidecode-3.0-5,  dmidecode,  3.0-5
perl-Pod-Usage-1.63-3,  perl-Pod-Usage,  1.63-3
p11-kit-trust-0.23.5-3,  p11-kit-trust,  0.23.5-3
perl-libs-5.16.3-292,  perl-libs,  5.16.3-292
perl-Exporter-5.68-3,  perl-Exporter,  5.68-3
perl-Time-Local-1.2300-2,  perl-Time-Local,  1.2300-2
perl-Carp-1.26-244,  perl-Carp,  1.26-244
perl-Scalar-List-Utils-1.27-248,  perl-Scalar-List-Utils,  1.27-248
python-iniparse-0.4-9,  python-iniparse,  0.4-9
perl-File-Path-2.09-2,  perl-File-Path,  2.09-2
cracklib-2.9.0-11,  cracklib,  2.9.0-11
newt-python-0.52.15-4,  newt-python,  0.52.15-4
gobject-introspection-1.50.0-1,  gobject-introspection,  1.50.0-1
dbus-glib-0.100-7,  dbus-glib,  0.100-7
cracklib-dicts-2.9.0-11,  cracklib-dicts,  2.9.0-11
m2crypto-0.21.1-17,  m2crypto,  0.21.1-17
gettext-libs-0.19.8.1-2,  gettext-libs-0,  19.8.1-2
pkgconfig-0.27.1-4,  pkgconfig,  0.27.1-4
python-gudev-147.2-7,  python-gudev,  147.2-7
grubby-8.28-23,  grubby,  8.28-23
pyliblzma-0.5.3-11,  pyliblzma,  0.5.3-11
pyOpenSSL-0.13.1-3,  pyOpenSSL,  0.13.1-3
python-magic-5.11-33,  python-magic,  5.11-33
libssh2-1.4.3-10.el7_2.1,  libssh2,  1.4.3-10.el7_2.1
fipscheck-lib-1.4.1-6,  fipscheck-lib,  1.4.1-6
libfontenc-1.1.3-3,  libfontenc,  1.1.3-3
rsyslog-8.24.0-16.el7_5.4,  rsyslog,  8.24.0-16.el7_5.4
mariadb-libs-5.5.56-2,  mariadb-libs,  5.5.56-2
pixman-0.34.0-1,  pixman,  0.34.0-1
glibc-2.17-222,  glibc,  2.17-222
libxcb-1.12-1,  libxcb,  1.12-1
krb5-libs-1.15.1-19,  krb5-libs,  1.15.1-19
libevdev-1.5.6-1,  libevdev,  1.5.6-1
libdhash-0.5.0-29,  libdhash,  0.5.0-29
libICE-1.0.9-9,  libICE,  1.0.9-9
libXfont2-2.0.1-2,  libXfont2,  2.0.1-2
ttmkfdir-3.0.9-42,  ttmkfdir,  3.0.9-42
libepoxy-1.3.1-2.el7_5,  libepoxy,  1.3.1-2.el7_5
passwd-0.79-4,  passwd,  0.79-4
mtdev-1.1.5-5,  mtdev,  1.1.5-5
python-urlgrabber-3.10-8,  python-urlgrabber,  3.10-8
fontconfig-2.10.95-11,  fontconfig,  2.10.95-11
xcb-util-wm-0.4.1-5,  xcb-util-wm,  0.4.1-5
xcb-util-renderutil-0.3.9-3,  xcb-util-renderutil,  0.3.9-3
xorg-x11-font-utils-7.5-20,  xorg-x11-font-utils,  7.5-20
pygpgme-0.3-9,  pygpgme,  0.3-9
llvm-private-5.0.0-3,  llvm-private,  5.0.0-3
libwayland-client-1.14.0-2,  libwayland-client,  1.14.0-2
redhat-support-lib-python-0.9.7-6,  redhat-support-lib-python,  0.9.7-6
libX11-common-1.6.5-1,  libX11-common,  1.6.5-1
qrencode-libs-3.4.1-3,  qrencode-libs,  3.4.1-3
libXext-1.3.3-3,  libXext,  1.3.3-3
libXi-1.7.9-1,  libXi,  1.7.9-1
libXxf86vm-1.1.4-1,  libXxf86vm,  1.1.4-1
ustr-1.0.4-16,  ustr,  1.0.4-16
libXmu-1.1.2-2,  libXmu,  1.1.2-2
shadow-utils-4.1.5.1-24,  shadow-utils-4,  1.5.1-24
libXinerama-1.1.3-2.1,  libXinerama,  1.1.3-2.1
libXcursor-1.1.14-8,  libXcursor,  1.1.14-8
VRTSnbjre-7.7.3.0-1463709477,  VRTSnbjre-7,  7.3.0-1463709477
libXtst-1.2.3-1,  libXtst,  1.2.3-1
VRTSpbx-1.5.40.12-12,  VRTSpbx-1,  5.40.12-12
libxkbfile-1.0.9-3,  libxkbfile,  1.0.9-3
VRTSnbclt-7.7.3.0-1463709550,  VRTSnbclt-7,  7.3.0-1463709550
xorg-x11-server-common-1.19.5-5,  xorg-x11-server-common,  1.19.5-5
VRTSnbcfg-7.7.3.0-1463709476,  VRTSnbcfg-7,  7.3.0-1463709476
libXdamage-1.1.4-4.1,  libXdamage,  1.1.4-4.1
oracle-agt-12.1.0.5.0-1.0,  oracle-agt-12.1,  0.5.0-1.0
polkit-pkla-compat-0.1-4,  polkit-pkla-compat,  0.1-4
xorg-x11-server-Xorg-1.19.5-5,  xorg-x11-server-Xorg,  1.19.5-5
audit-libs-2.8.1-3,  audit-libs,  2.8.1-3
xorg-x11-drv-vmmouse-13.1.0-1,  xorg-x11-drv-vmmouse,  13.1.0-1
xorg-x11-drv-intel-2.99.917-27.20160929,  xorg-x11-drv-intel,  2.99.917-27.20160929
xorg-x11-drv-evdev-2.10.5-2.1,  xorg-x11-drv-evdev,  2.10.5-2.1
crontabs-1.11-6.20121102git,  crontabs,  1.11-6.20121102git
xorg-x11-drv-wacom-0.34.2-5,  xorg-x11-drv-wacom,  0.34.2-5
xorg-x11-drv-vmware-13.2.1-1,  xorg-x11-drv-vmware,  13.2.1-1
xorg-x11-drv-qxl-0.1.5-3,  xorg-x11-drv-qxl,  0.1.5-3
xorg-x11-drv-vesa-2.3.2-25.1,  xorg-x11-drv-vesa,  2.3.2-25.1
libXft-2.3.2-2,  libXft,  2.3.2-2
libdmx-1.1.3-3,  libdmx,  1.1.3-3
libXaw-1.0.13-4,  libXaw,  1.0.13-4
libwacom-0.24-4,  libwacom,  0.24-4
libpng-1.5.13-7.el7_2,  libpng,  1.5.13-7.el7_2
python-hwdata-1.7.3-4,  python-hwdata,  1.7.3-4
xorg-x11-drv-libinput-0.25.0-2,  xorg-x11-drv-libinput,  0.25.0-2
xorg-x11-xinit-1.3.4-2,  xorg-x11-xinit,  1.3.4-2
numactl-libs-2.0.9-7,  numactl-libs,  2.0.9-7
firewalld-filesystem-0.4.4.4-14,  firewalld-filesystem-0,  4.4.4-14
quota-nls-4.01-17,  quota-nls,  4.01-17
ncurses-libs-5.9-14.20130511.el7_4,  ncurses-libs,  5.9-14.20130511.el7_4
info-5.1-5,  info,  5.1-5
libselinux-2.5-12,  libselinux,  2.5-12
tar-1.26-34,  tar,  1.26-34
iptables-1.4.21-24.1.el7_5,  iptables,  1.4.21-24.1.el7_5
vim-minimal-7.4.160-4,  vim-minimal,  7.4.160-4
ca-certificates-2018.2.22-70.0.el7_5,  ca-certificates,  2018.2.22-70.0.el7_5
xmlsec1-openssl-1.2.20-7.el7_4,  xmlsec1-openssl,  1.2.20-7.el7_4
nss-softokn-3.36.0-5.el7_5,  nss-softokn,  3.36.0-5.el7_5
coreutils-8.22-21,  coreutils,  8.22-21
pam-1.1.8-22,  pam,  1.1.8-22
python-libs-2.7.5-69.el7_5,  python-libs,  2.7.5-69.el7_5
libmount-2.23.2-52,  libmount,  2.23.2-52
shared-mime-info-1.8-4,  shared-mime-info,  1.8-4
gzip-1.5-10,  gzip,  1.5-10
python-dmidecode-3.12.2-2,  python-dmidecode,  3.12.2-2
libselinux-python-2.5-12,  libselinux-python,  2.5-12
python-slip-dbus-0.4.0-4,  python-slip-dbus,  0.4.0-4
rhnlib-2.5.65-7,  rhnlib,  2.5.65-7
python-perf-3.10.0-862.9.1,  python-perf,  3.10.0-862.9.1
nss-sysinit-3.36.0-5.el7_5,  nss-sysinit,  3.36.0-5.el7_5
gnupg2-2.0.22-5.el7_5,  gnupg2,  2.0.22-5.el7_5
rpm-libs-4.11.3-32,  rpm-libs,  4.11.3-32
rpm-build-libs-4.11.3-32,  rpm-build-libs,  4.11.3-32
yum-3.4.3-158,  yum,  3.4.3-158
binutils-2.27-28.base.el7_5.1,  binutils,  2.27-28.base.el7_5.1
kpartx-0.4.9-119,  kpartx,  0.4.9-119
procps-ng-3.3.10-17.el7_5.2,  procps-ng,  3.3.10-17.el7_5.2
cryptsetup-libs-1.7.4-4,  cryptsetup-libs,  1.7.4-4
kmod-20-21,  kmod-20-21, ???
elfutils-libs-0.170-4,  elfutils-libs,  0.170-4
elfutils-default-yama-scope-0.170-4,  elfutils-default-yama-scope,  0.170-4
systemd-sysv-219-57,  systemd-sysv-219-57, ???
device-mapper-event-libs-1.02.146-4,  device-mapper-event-libs,  1.02.146-4
polkit-0.112-14,  polkit,  0.112-14
NetworkManager-libnm-1.10.2-16.el7_5,  NetworkManager-libnm,  1.10.2-16.el7_5
openssh-7.4p1-16,  openssh-7.4p1-16, ???
policycoreutils-2.5-22,  policycoreutils,  2.5-22
dhcp-common-4.2.5-68.el7_5.1,  dhcp-common,  4.2.5-68.el7_5.1
dracut-network-033-535,  dracut-network-033-535, ???
libdrm-2.4.83-2,  libdrm,  2.4.83-2
grub2-tools-extra-2.02-0.65.el7_4.2,  grub2-tools-extra,  2.02-0.65.el7_4.2
device-mapper-event-1.02.146-4,  device-mapper-event,  1.02.146-4
wpa_supplicant-2.6-9,  wpa_supplicant,  2.6-9
rpcbind-0.2.0-44,  rpcbind,  0.2.0-44
rhnsd-5.0.13-10,  rhnsd,  5.0.13-10
yum-rhn-plugin-2.0.1-10,  yum-rhn-plugin,  2.0.1-10
cronie-anacron-1.4.11-19,  cronie-anacron,  1.4.11-19
plymouth-core-libs-0.8.9-0.31.20140113,  plymouth-core-libs,  0.8.9-0.31.20140113
plymouth-0.8.9-0.31.20140113,  plymouth,  0.8.9-0.31.20140113
linux-firmware-20180220-62.2.git6d51311.el7_5,  linux-firmware-20180220-62.2.git6d51311.el7_5, ???
subscription-manager-rhsm-certificates-1.20.11-1.el7_5,  subscription-manager-rhsm-certificates,  1.20.11-1.el7_5
hwloc-libs-1.11.8-4,  hwloc-libs,  1.11.8-4
libteam-1.27-4,  libteam,  1.27-4
libgnat-devel-4.8.5-28.el7_5.1,  libgnat-devel,  4.8.5-28.el7_5.1
kernel-tools-libs-3.10.0-862.9.1,  kernel-tools-libs,  3.10.0-862.9.1
libsndfile-1.0.25-10,  libsndfile,  1.0.25-10
libini_config-1.3.1-29,  libini_config,  1.3.1-29
libmodman-2.0.1-8,  libmodman,  2.0.1-8
kernel-tools-3.10.0-862.9.1,  kernel-tools,  3.10.0-862.9.1
nettle-2.7.1-8,  nettle,  2.7.1-8
subscription-manager-1.20.11-1.el7_5,  subscription-manager,  1.20.11-1.el7_5
glib-networking-2.50.0-1,  glib-networking,  2.50.0-1
kernel-3.10.0-862.9.1,  kernel,  3.10.0-862.9.1
rest-0.8.0-2,  rest,  0.8.0-2
firewalld-0.4.4.4-14,  firewalld-0,  4.4.4-14
geoclue2-2.4.5-1,  geoclue2,  2.4.5-1
NetworkManager-tui-1.10.2-16.el7_5,  NetworkManager-tui,  1.10.2-16.el7_5
libstdc++-devel-4.8.5-28.el7_5.1,  libstdc++-devel,  4.8.5-28.el7_5.1
grub2-2.02-0.65.el7_4.2,  grub2,  2.02-0.65.el7_4.2
telepathy-glib-0.24.1-1,  telepathy-glib,  0.24.1-1
selinux-policy-targeted-3.13.1-192.el7_5.4,  selinux-policy-targeted,  3.13.1-192.el7_5.4
perl-threads-1.87-4,  perl-threads,  1.87-4
qt-4.8.7-2,  qt,  4.8.7-2
openssh-clients-7.4p1-16,  openssh-clients-7.4p1-16, ???
perl-Filter-1.49-3,  perl-Filter,  1.49-3
sound-theme-freedesktop-0.8-3,  sound-theme-freedesktop,  0.8-3
audit-2.8.1-3,  audit,  2.8.1-3
dconf-0.26.0-2,  dconf,  0.26.0-2
microcode_ctl-2.1-29.2.el7_5,  microcode_ctl,  2.1-29.2.el7_5
gpm-libs-1.20.7-5,  gpm-libs,  1.20.7-5
at-spi2-atk-2.22.0-2,  at-spi2-atk,  2.22.0-2
libgudev1-219-57,  libgudev1-219-57, ???
clutter-1.26.2-2,  clutter,  1.26.2-2
parted-3.1-29,  parted,  3.1-29
webkitgtk4-plugin-process-gtk2-2.16.6-6,  webkitgtk4-plugin-process-gtk2,  2.16.6-6
redhat-support-tool-0.9.10-1,  redhat-support-tool,  0.9.10-1
gcr-3.20.0-1,  gcr,  3.20.0-1
e2fsprogs-1.42.9-12.el7_5,  e2fsprogs,  1.42.9-12.el7_5
clutter-gtk-1.8.4-1,  clutter-gtk,  1.8.4-1
openssl-1.0.2k-12,  openssl-1.0.2k-12, ???
libcanberra-gtk3-0.30-5,  libcanberra-gtk3,  0.30-5
logrotate-3.8.6-15,  logrotate,  3.8.6-15
compat-cheese314-3.14.2-1,  compat-cheese314,  3.14.2-1
libgomp-4.8.5-28.el7_5.1,  libgomp,  4.8.5-28.el7_5.1
mc-4.8.7-11,  mc,  4.8.7-11
compat-libgnome-bluetooth11-3.8.2.1-2,  compat-libgnome-bluetooth11-3,  8.2.1-2
libtdb-1.3.15-1,  libtdb,  1.3.15-1
compat-libgnome-desktop3-7-3.8.4-2,  compat-libgnome-desktop3-7,  3.8.4-2
iwl6000-firmware-9.221.4.1-62.2.el7_5,  iwl6000-firmware-9,  221.4.1-62.2.el7_5
spacewalk-usix-2.7.1-3.el7sat,  spacewalk-usix,  2.7.1-3.el7sat
compat-glade315-3.15.0-1,  compat-glade315,  3.15.0-1
iwl2000-firmware-18.168.6.1-62.2.el7_5,  iwl2000-firmware-18,  168.6.1-62.2.el7_5
rhncfg-client-5.10.87-12.el7sat,  rhncfg-client,  5.10.87-12.el7sat
gcc-objc++-4.8.5-28.el7_5.1,  gcc-objc++,  4.8.5-28.el7_5.1
iwl5150-firmware-8.24.2.2-62.2.el7_5,  iwl5150-firmware-8,  24.2.2-62.2.el7_5
rhncfg-management-5.10.87-12.el7sat,  rhncfg-management,  5.10.87-12.el7sat
compat-grilo02-0.2.12-1,  compat-grilo02,  0.2.12-1
iwl7265-firmware-22.0.7.0-62.2.el7_5,  iwl7265-firmware-22,  0.7.0-62.2.el7_5
python-kitchen-1.1.1-5,  python-kitchen,  1.1.1-5
compat-poppler022-glib-0.22.5-4,  compat-poppler022-glib,  0.22.5-4
emacs-filesystem-24.3-20,  emacs-filesystem,  24.3-20
bind-license-9.9.4-61,  bind-license,  9.9.4-61
compat-db47-4.7.25-28,  compat-db47,  4.7.25-28
NetworkManager-config-server-1.10.2-16.el7_5,  NetworkManager-config-server,  1.10.2-16.el7_5
ntpdate-4.2.6p5-28,  ntpdate-4.2.6p5-28, ???
gcc-gfortran-4.8.5-28.el7_5.1,  gcc-gfortran,  4.8.5-28.el7_5.1
iwl3945-firmware-15.32.2.9-62.2.el7_5,  iwl3945-firmware-15,  32.2.9-62.2.el7_5
vim-enhanced-7.4.160-4,  vim-enhanced,  7.4.160-4
compat-opensm-libs-3.3.15-2,  compat-opensm-libs,  3.3.15-2
perl-Getopt-Long-2.40-3,  perl-Getopt-Long,  2.40-3
bind-utils-9.9.4-61,  bind-utils,  9.9.4-61
compat-libcolord1-1.0.4-1,  compat-libcolord1,  1.0.4-1
iwl2030-firmware-18.168.6.1-62.2.el7_5,  iwl2030-firmware-18,  168.6.1-62.2.el7_5
unzip-6.0-19,  unzip,  6.0-19
compat-libcap1-1.10-7,  compat-libcap1,  1.10-7
iwl5000-firmware-8.83.5.1_1-62.2.el7_5,  iwl5000-firmware-8.83.5.1_1-62.2.el7_5, ???
wget-1.14-15.el7_4.1,  wget,  1.14-15.el7_4.1
compat-libf2c-34-3.4.6-32,  compat-libf2c-34,  3.4.6-32
iwl6000g2b-firmware-17.168.5.2-62.2.el7_5,  iwl6000g2b-firmware-17,  168.5.2-62.2.el7_5
psmisc-22.20-15,  psmisc,  22.20-15
compat-libxcb-1.9-1,  compat-libxcb,  1.9-1
compat-openldap-2.3.43-5,  compat-openldap,  2.3.43-5
compat-gcc-44-4.4.7-8,  compat-gcc-44,  4.4.7-8
js-1.8.5-20,  js,  1.8.5-20
elinks-0.12-0.37.pre6,  elinks,  0.12-0.37.pre6
libsss_certmap-1.16.0-19.el7_5.5,  libsss_certmap,  1.16.0-19.el7_5.5
lsof-4.87-5,  lsof,  4.87-5
cyrus-sasl-lib-2.1.26-23,  cyrus-sasl-lib,  2.1.26-23
strace-4.12-6,  strace,  4.12-6
samba-common-libs-4.7.1-6,  samba-common-libs,  4.7.1-6
glibc-2.17-222.el7.i686,  glibc,  2.17-222.el7.i686
samba-client-libs-4.7.1-6,  samba-client-libs,  4.7.1-6
libstdc++-4.8.5-28.el7_5.1.i686,  libstdc++,  4.8.5-28.el7_5.1.i686
cyrus-sasl-gssapi-2.1.26-23,  cyrus-sasl-gssapi,  2.1.26-23
libaio-devel-0.3.109-13.el7.i686,  libaio-devel,  0.3.109-13.el7.i686
dbus-1.10.24-7,  dbus,  1.10.24-7
glibc-devel-2.17-222.el7.i686,  glibc-devel,  2.17-222.el7.i686
http-parser-2.7.1-5.el7_4,  http-parser,  2.7.1-5.el7_4
oracleasmlib-2.0.12-1,  oracleasmlib,  2.0.12-1
nscd-2.17-222,  nscd,  2.17-222
perl-Data-Dumper-2.145-3,  perl-Data-Dumper,  2.145-3
libsss_nss_idmap-1.16.0-19.el7_5.5,  libsss_nss_idmap,  1.16.0-19.el7_5.5
epel-release-7-11,  epel-release-7-11, ???
libsss_autofs-1.16.0-19.el7_5.5,  libsss_autofs,  1.16.0-19.el7_5.5
zabbix-agent-3.4.15-1,  zabbix-agent,  3.4.15-1
sssd-common-1.16.0-19.el7_5.5,  sssd-common,  1.16.0-19.el7_5.5
splunkforwarder-8.0.1-6db836e2fb9e,  splunkforwarder,  8.0.1-6db836e2fb9e
sssd-common-pac-1.16.0-19.el7_5.5,  sssd-common-pac,  1.16.0-19.el7_5.5
sssd-ipa-1.16.0-19.el7_5.5,  sssd-ipa,  1.16.0-19.el7_5.5
sssd-krb5-1.16.0-19.el7_5.5,  sssd-krb5,  1.16.0-19.el7_5.5
python-sssdconfig-1.16.0-19.el7_5.5,  python-sssdconfig,  1.16.0-19.el7_5.5
nss-pam-ldapd-0.8.13-16,  nss-pam-ldapd,  0.8.13-16
oddjob-mkhomedir-0.31.5-4,  oddjob-mkhomedir,  0.31.5-4
libcom_err-1.42.9-12.el7_5,  libcom_err,  1.42.9-12.el7_5
libuuid-2.23.2-52,  libuuid,  2.23.2-52
elfutils-libelf-0.170-4,  elfutils-libelf,  0.170-4
grub2-common-2.02-0.65.el7_4.2,  grub2-common,  2.02-0.65.el7_4.2
pciutils-libs-3.5.1-3,  pciutils-libs,  3.5.1-3
libacl-2.2.51-14,  libacl,  2.2.51-14
e2fsprogs-libs-1.42.9-12.el7_5,  e2fsprogs-libs,  1.42.9-12.el7_5
lz4-1.7.5-2,  lz4,  1.7.5-2
xmlsec1-1.2.20-7.el7_4,  xmlsec1,  1.2.20-7.el7_4
ethtool-4.8-7,  ethtool,  4.8-7
filesystem-3.2-25,  filesystem,  3.2-25
grub2-pc-modules-2.02-0.65.el7_4.2,  grub2-pc-modules,  2.02-0.65.el7_4.2
mozjs17-17.0.0-20,  mozjs17,  17.0.0-20
libss-1.42.9-12.el7_5,  libss,  1.42.9-12.el7_5
xorg-x11-drv-keyboard-1.9.0-1,  xorg-x11-drv-keyboard,  1.9.0-1
avahi-libs-0.6.31-19,  avahi-libs,  0.6.31-19
alsa-firmware-1.0.28-2,  alsa-firmware,  1.0.28-2
xorg-x11-fonts-ISO8859-2-100dpi-7.5-9,  xorg-x11-fonts-ISO8859-2-100dpi,  7.5-9
bash-4.2.46-30,  bash,  4.2.46-30
libfastjson-0.99.4-2,  libfastjson,  0.99.4-2
xorg-x11-fonts-ISO8859-14-100dpi-7.5-9,  xorg-x11-fonts-ISO8859-14-100dpi,  7.5-9
cpio-2.11-27,  cpio,  2.11-27
xorg-x11-fonts-75dpi-7.5-9,  xorg-x11-fonts-75dpi,  7.5-9
iproute-4.11.0-14,  iproute,  4.11.0-14
pcre-8.32-17,  pcre,  8.32-17
xorg-x11-fonts-Type1-7.5-9,  xorg-x11-fonts-Type1,  7.5-9
openssl-libs-1.0.2k-12,  openssl-libs-1.0.2k-12, ???
xz-libs-5.2.2-1,  xz-libs,  5.2.2-1
xorg-x11-proto-devel-7.7-20,  xorg-x11-proto-devel,  7.7-20
ncurses-5.9-14.20130511.el7_4,  ncurses,  5.9-14.20130511.el7_4
kbd-misc-1.15.5-13,  kbd-misc,  1.15.5-13
mpfr-3.1.1-4,  mpfr,  3.1.1-4
libblkid-2.23.2-52,  libblkid,  2.23.2-52
kernel-3.10.0-693,  kernel,  3.10.0-693
chkconfig-1.7.4-1,  chkconfig,  1.7.4-1
libmpc-1.0.1-3,  libmpc,  1.0.1-3
glib2-2.54.2-2,  glib2,  2.54.2-2
readline-6.2-10,  readline,  6.2-10
gstreamer1-1.10.4-2,  gstreamer1,  1.10.4-2
python-six-1.9.0-2,  python-six,  1.9.0-2
libffi-3.0.13-18,  libffi,  3.0.13-18
libwayland-cursor-1.14.0-2,  libwayland-cursor,  1.14.0-2
python-slip-0.4.0-4,  python-slip,  0.4.0-4
rdma-core-15-7.el7_5,  rdma-core-15-7.el7_5, ???
python-inotify-0.9.4-4,  python-inotify,  0.9.4-4
opensm-libs-3.3.20-2,  opensm-libs,  3.3.20-2
libcurl-7.29.0-46,  libcurl,  7.29.0-46
gsettings-desktop-schemas-3.24.1-2.el7_5,  gsettings-desktop-schemas,  3.24.1-2.el7_5
rpm-4.11.3-32,  rpm,  4.11.3-32
findutils-4.5.11-5,  findutils,  4.5.11-5
kernel-headers-3.10.0-862.9.1,  kernel-headers,  3.10.0-862.9.1
rhn-client-tools-2.0.2-21,  rhn-client-tools,  2.0.2-21
glibc-devel-2.17-222,  glibc-devel,  2.17-222
device-mapper-1.02.146-4,  device-mapper,  1.02.146-4
libsysfs-2.1.0-16,  libsysfs,  2.1.0-16
libtheora-1.1.1-8,  libtheora,  1.1.1-8
dracut-033-535,  dracut-033-535, ???
p11-kit-0.23.5-3,  p11-kit,  0.23.5-3
libmng-1.0.10-14,  libmng,  1.0.10-14
systemd-219-57,  systemd-219-57, ???
xz-5.2.2-1,  xz,  5.2.2-1
enchant-1.6.0-8,  enchant,  1.6.0-8
grub2-tools-minimal-2.02-0.65.el7_4.2,  grub2-tools-minimal,  2.02-0.65.el7_4.2
libidn-1.28-4,  libidn,  1.28-4
gdk-pixbuf2-2.36.5-1,  gdk-pixbuf2,  2.36.5-1
hwdata-0.252-8.8,  hwdata,  0.252-8.8
libnfnetlink-1.0.1-4,  libnfnetlink,  1.0.1-4
libasyncns-0.8-7,  libasyncns,  0.8-7
virt-what-1.18-4,  virt-what,  1.18-4
lzo-2.06-8,  lzo,  2.06-8
avahi-glib-0.6.31-19,  avahi-glib,  0.6.31-19
dhclient-4.2.5-68.el7_5.1,  dhclient,  4.2.5-68.el7_5.1
harfbuzz-1.3.2-1,  harfbuzz,  1.3.2-1
pciutils-3.5.1-3,  pciutils,  3.5.1-3
ipset-libs-6.29-1,  ipset-libs,  6.29-1
harfbuzz-icu-1.3.2-1,  harfbuzz-icu,  1.3.2-1
lvm2-libs-2.02.177-4,  lvm2-libs,  2.02.177-4
libtirpc-0.2.4-0.10,  libtirpc,  0.2.4-0.10
iso-codes-3.46-2,  iso-codes,  3.46-2
rhn-check-2.0.2-21,  rhn-check,  2.0.2-21
libvisual-0.4.0-16,  libvisual,  0.4.0-16
ebtables-2.0.10-16,  ebtables,  2.0.10-16
gcc-objc-4.8.5-28.el7_5.1,  gcc-objc,  4.8.5-28.el7_5.1
plymouth-scripts-0.8.9-0.31.20140113,  plymouth-scripts,  0.8.9-0.31.20140113
lm_sensors-libs-3.4.0-4.20160601gitf9185e5,  lm_sensors-libs,  3.4.0-4.20160601gitf9185e5
adwaita-cursor-theme-3.26.0-1,  adwaita-cursor-theme,  3.26.0-1
fuse-2.9.2-10,  fuse,  2.9.2-10
perl-parent-0.225-244,  perl-parent,  0.225-244
libmspack-0.5-0.5.alpha,  libmspack,  0.5-0.5.alpha
ModemManager-glib-1.6.10-1,  ModemManager-glib,  1.6.10-1
teamd-1.27-4,  teamd,  1.27-4
perl-Pod-Escapes-1.04-292,  perl-Pod-Escapes,  1.04-292
libverto-0.2.5-4,  libverto,  0.2.5-4
pulseaudio-libs-10.0-5,  pulseaudio-libs,  10.0-5
gssproxy-0.7.0-17,  gssproxy,  0.7.0-17
perl-macros-5.16.3-292,  perl-macros,  5.16.3-292
gnutls-3.3.26-9,  gnutls,  3.3.26-9
open-vm-tools-10.1.10-3.el7_5.1,  open-vm-tools,  10.1.10-3.el7_5.1
perl-constant-1.27-2,  perl-constant,  1.27-2
totem-pl-parser-3.10.7-1,  totem-pl-parser,  3.10.7-1
quota-4.01-17,  quota,  4.01-17
perl-PathTools-3.40-5,  perl-PathTools,  3.40-5
python-decorator-3.4.0-3,  python-decorator,  3.4.0-3
gcc-c++-4.8.5-28.el7_5.1,  gcc-c++,  4.8.5-28.el7_5.1
kexec-tools-2.0.15-13,  kexec-tools,  2.0.15-13
perl-threads-shared-1.43-6,  perl-threads-shared,  1.43-6
qt-x11-4.8.7-2,  qt-x11,  4.8.7-2
openssh-server-7.4p1-16,  openssh-server-7.4p1-16, ???
perl-Pod-Simple-3.28-4,  perl-Pod-Simple,  3.28-4
libcroco-0.6.11-1,  libcroco,  0.6.11-1
at-spi2-core-2.22.0-1,  at-spi2-core,  2.22.0-1
irqbalance-1.0.7-11,  irqbalance,  1.0.7-11
dbus-python-1.1.1-9,  dbus-python,  1.1.1-9
webkitgtk4-jsc-2.16.6-6,  webkitgtk4-jsc,  2.16.6-6
nss-tools-3.36.0-5.el7_5,  nss-tools,  3.36.0-5.el7_5
gnome-online-accounts-3.26.2-1,  gnome-online-accounts,  3.26.2-1
sudo-1.8.19p2-14.el7_5,  sudo-1.8.19p2-14.el7_5, ???
python-pyudev-0.15-9,  python-pyudev,  0.15-9
gnome-desktop3-3.22.2-2,  gnome-desktop3,  3.22.2-2
cups-libs-1.6.3-35,  cups-libs,  1.6.3-35
cifs-utils-6.2-10,  cifs-utils,  6.2-10
gettext-0.19.8.1-2,  gettext-0,  19.8.1-2
compat-libgweather3-3.8.2-1,  compat-libgweather3,  3.8.2-1
tzdata-2018e-3,  tzdata-2018e-3, ???
spacewalk-backend-libs-2.0.3-18.el7sat,  spacewalk-backend-libs,  2.0.3-18.el7sat
yum-metadata-parser-1.1.4-10,  yum-metadata-parser,  1.1.4-10
compat-poppler022-qt-0.22.5-4,  compat-poppler022-qt,  0.22.5-4
iwl3160-firmware-22.0.7.0-62.2.el7_5,  iwl3160-firmware-22,  0.7.0-62.2.el7_5
rhncfg-actions-5.10.87-12.el7sat,  rhncfg-actions,  5.10.87-12.el7sat
python-linux-procfs-0.4.9-3,  python-linux-procfs,  0.4.9-3
gcc-gnat-4.8.5-28.el7_5.1,  gcc-gnat,  4.8.5-28.el7_5.1
iwl7260-firmware-22.0.7.0-62.2.el7_5,  iwl7260-firmware-22,  0.7.0-62.2.el7_5
yum-utils-1.1.31-45,  yum-utils,  1.1.31-45
python-configobj-4.7.2-7,  python-configobj,  4.7.2-7
compat-libmediaart0-0.7.0-1,  compat-libmediaart0,  0.7.0-1
iwl6050-firmware-41.28.5.1-62.2.el7_5,  iwl6050-firmware-41,  28.5.1-62.2.el7_5
vim-common-7.4.160-4,  vim-common,  7.4.160-4
compat-dapl-1.2.19-4,  compat-dapl,  1.2.19-4
iwl105-firmware-18.168.6.1-62.2.el7_5,  iwl105-firmware-18,  168.6.1-62.2.el7_5
bind-libs-lite-9.9.4-61,  bind-libs-lite,  9.9.4-61
pyxattr-0.5.1-5,  pyxattr,  0.5.1-5
compat-libupower-glib1-0.9.20-1,  compat-libupower-glib1,  0.9.20-1
vim-filesystem-7.4.160-4,  vim-filesystem,  7.4.160-4
mlocate-0.26-8,  mlocate,  0.26-8
fipscheck-1.4.1-6,  fipscheck,  1.4.1-6
compat-libgfortran-41-4.1.2-44,  compat-libgfortran-41,  4.1.2-44
xkeyboard-config-2.20-1,  xkeyboard-config,  2.20-1
samba-common-4.7.1-6,  samba-common,  4.7.1-6
nss-pem-1.0.3-4,  nss-pem,  1.0.3-4
compat-gcc-44-c++-4.4.7-8,  compat-gcc-44-c++,  4.4.7-8
xcb-util-0.4.0-2,  xcb-util,  0.4.0-2
dbus-libs-1.10.24-7,  dbus-libs,  1.10.24-7
bc-1.06.95-13,  bc,  1.06.95-13
libSM-1.2.2-2,  libSM,  1.2.2-2
libsss_idmap-1.16.0-19.el7_5.5,  libsss_idmap,  1.16.0-19.el7_5.5
libgcc-4.8.5-28.el7_5.1.i686,  libgcc,  4.8.5-28.el7_5.1.i686
fontpackages-filesystem-1.44-8,  fontpackages-filesystem,  1.44-8
libwbclient-4.7.1-6,  libwbclient,  4.7.1-6
libaio-0.3.109-13.el7.i686,  libaio,  0.3.109-13.el7.i686
stix-fonts-1.1.0-5,  stix-fonts,  1.1.0-5
oddjob-0.31.5-4,  oddjob,  0.31.5-4
redhat-logos-70.0.3-6,  redhat-logos,  70.0.3-6
kmod-oracleasm-2.0.8-21,  kmod-oracleasm,  2.0.8-21
xcb-util-keysyms-0.4.0-1,  xcb-util-keysyms,  0.4.0-1
c-ares-1.10.0-3,  c-ares,  1.10.0-3
pth-2.0.7-23,  pth,  2.0.7-23
rlwrap-0.42-1,  rlwrap,  0.42-1
libwayland-server-1.14.0-2,  libwayland-server,  1.14.0-2
sssd-client-1.16.0-19.el7_5.5,  sssd-client,  1.16.0-19.el7_5.5
node-exporter-0.18.1-1,  node-exporter,  0.18.1-1
mesa-libgbm-17.2.3-8.20171019,  mesa-libgbm,  17.2.3-8.20171019
sssd-krb5-common-1.16.0-19.el7_5.5,  sssd-krb5-common,  1.16.0-19.el7_5.5
libndp-1.2-7,  libndp,  1.2-7
libXrender-0.9.10-1,  libXrender,  0.9.10-1
sssd-ldap-1.16.0-19.el7_5.5,  sssd-ldap,  1.16.0-19.el7_5.5
libaio-0.3.109-13,  libaio,  0.3.109-13
libXt-1.1.5-3,  libXt,  1.1.5-3
sssd-1.16.0-19.el7_5.5,  sssd,  1.16.0-19.el7_5.5
libXfixes-5.0.3-1,  libXfixes,  5.0.3-1
openldap-clients-2.4.44-15.el7_5,  openldap-clients,  2.4.44-15.el7_5
libXxf86misc-1.0.3-7.1,  libXxf86misc,  1.0.3-7.1
VRTSnbpck-7.7.3.0-1463709736,  VRTSnbpck-7,  7.3.0-1463709736
xorg-x11-server-utils-7.7-20,  xorg-x11-server-utils,  7.7-20
sysstat-10.1.5-13,  sysstat,  10.1.5-13
xorg-x11-drv-fbdev-0.4.3-25,  xorg-x11-drv-fbdev,  0.4.3-25
nspr-4.19.0-1.el7_5,  nspr,  4.19.0-1.el7_5
xorg-x11-drv-nouveau-1.0.13-3,  xorg-x11-drv-nouveau,  1.0.13-3
libdb-5.3.21-24,  libdb,  5.3.21-24
os-prober-1.58-9,  os-prober,  1.58-9
xorg-x11-drv-dummy-0.3.7-1,  xorg-x11-drv-dummy,  0.3.7-1
redhat-release-server-7.5-8,  redhat-release-server,  7.5-8
xorg-x11-drv-void-1.4.1-2,  xorg-x11-drv-void,  1.4.1-2
setup-2.8.71-9,  setup,  2.8.71-9
libXxf86dga-1.1.4-2.1,  libXxf86dga,  1.1.4-2.1
libcollection-0.7.0-29,  libcollection,  0.7.0-29
libwacom-data-0.24-4,  libwacom-data,  0.24-4
libbasicobjects-0.1.1-29,  libbasicobjects,  0.1.1-29
xorg-x11-apps-7.7-7,  xorg-x11-apps,  7.7-7
device-mapper-persistent-data-0.7.3-3,  device-mapper-persistent-data,  0.7.3-3
